{
    "nr1": {
        "q": "¿Cómo es Pac-Man?",
        "optA": "Naranja y con forma de pizza",
        "optB": "Azul y cuadrado",
        "optC": "Amarillo y con forma de pizza",
        "optD": "Rojo y redondo",
        "clueA": "el color no es el correcto",
        "clueB": "es algo más redondeado",
        "clueC": "correcta",
        "clueD": "tiene forma de comida"
    },
    "nr2": {
        "q": "¿Su objetivo cuál es?",
        "optA": "Comer todos los puntos",
        "optB": "Evitar los fantasmas",
        "optC": "Ir directo por la superpildora",
        "optD": "A y B son correctas",
        "clueA": "Es correcta en parte, falta algo más",
        "clueB": "Es correcta en parte, falta algo más",
        "clueC": "No sería lo principal",
        "clueD": "correcta"
    },
    "nr3": {
        "q": "¿Que pasa cuando Pac-Man come la superpildora?",
        "optA": "Se vuelve invulnerable y puede comer a los fantasmas",
        "optB": "Cambia de color y duplica la velocidad",
        "optC": "Detiene el tiempo",
        "optD": "Aumenta de tamaño y puede comer los fantasmas",
        "clueA": "correcta",
        "clueB": "Eso le puede pasar a un erizo azul",
        "clueC": "no sería su función",
        "clueD": "Es correcto solo en parte"
    },
    "nr4": {
        "q": "¿Cómo se llaman los fantasmas?",
        "optA": "Tinky Winky, Dipsy, Laa-Laa, Po",
        "optB": "Blinky, Pinky, Inky y Clyde",
        "optC": "Leonardo, Donatello, Michelangelo, Raphael",
        "optD": "Casper, Slimer, Boo, Canterville",
        "clueA": "Tienen colores pero son Teletubbies, aunque el nombre del primero se parece un poco al de los fantasmas",
        "clueB": "correcta",
        "clueC": "Estas son tortugas, aunque los colores de las máscaras se parecen a los fantasmas",
        "clueD": "Estos fantasmas no son de este juego"
    },
    "nr5": {
        "q": "¿Los fantasmas que color tienen?",
        "optA": "Rosa, amarillo, verde, celeste",
        "optB": "Rojo, morado, verde, amarillo",
        "optC": "Rojo, azul, morado, naranja",
        "optD": "Rojo, rosa, azul, naranja",
        "clueA": "Uno de los colores es correcto",
        "clueB": "Dos de los colores que son correctos",
        "clueC": "Se parece, pero este no es",
        "clueD": "correcta"
    },
    "nr6": {
        "q": "¿Que estrategia usan?",
        "optA": "Pinky busca cortar la huida de Pac-Man posicionándose detrás de él",
        "optB": "Clyde es el más predecible y va de frente",
        "optC": "Blinky es más errático, a veces se acerca y otras se aleja",
        "optD": "Inky se mueve dependiendo de donde este Blinky",
        "clueA": "Sería lo contrario",
        "clueB": "Sería lo contrario",
        "clueC": "No es su comportamiento característico",
        "clueD": "correcta"
    },
    "nr7": {
        "q": "¿En que año se lanzo el juego?",
        "optA": "1980",
        "optB": "1995",
        "optC": "1960",
        "optD": "1810",
        "clueA": "correcta",
        "clueB": "Esta más cerca de la época de la música disco",
        "clueC": "Es un par de décadas más adelante",
        "clueD": "Existían los videojuegos en esta década?"
    }
}